id,order_no,start_time,end_time,product_name,product_weight
0,W00001,2023/11/1 8:00,2023/11/1 8:30,product_0,10000
1,W00002,2023/11/1 8:30,2023/11/1 9:00,product_1,20000
2,W00003,2023/11/1 9:00,2023/11/1 9:30,product_2,30000
3,W00004,2023/11/1 9:30,2023/11/1 10:00,product_0,40000
4,W00005,2023/11/1 10:00,2023/11/1 10:30,product_1,50000
5,W00006,2023/11/1 10:30,2023/11/1 11:00,product_2,60000
6,W00007,2023/11/1 11:00,2023/11/1 11:30,product_0,10000
7,W00008,2023/11/1 11:30,2023/11/1 12:00,product_1,20000
8,W00009,2023/11/1 12:00,2023/11/1 12:30,product_2,30000
9,W00010,2023/11/1 12:30,2023/11/1 13:00,product_0,40000
10,W00011,2023/11/1 13:00,2023/11/1 13:30,product_1,50000
11,W00012,2023/11/1 13:30,2023/11/1 14:00,product_2,60000
12,W00013,2023/11/1 14:00,2023/11/1 14:30,product_0,10000
13,W00014,2023/11/1 14:30,2023/11/1 15:00,product_1,20000
14,W00015,2023/11/1 15:00,2023/11/1 15:30,product_2,30000
15,W00016,2023/11/1 15:30,2023/11/1 16:00,product_0,40000
16,W00017,2023/11/1 16:00,2023/11/1 16:30,product_1,50000
17,W00018,2023/11/1 16:30,2023/11/1 17:00,product_2,60000
18,W00019,2023/11/1 17:00,2023/11/1 17:30,product_0,10000
19,W00020,2023/11/1 17:30,2023/11/1 18:00,product_1,20000
20,W00021,2023/11/2 8:00,2023/11/2 8:30,product_2,30000
21,W00022,2023/11/2 8:30,2023/11/2 9:00,product_0,40000
22,W00023,2023/11/2 9:00,2023/11/2 9:30,product_1,50000
23,W00024,2023/11/2 9:30,2023/11/2 10:00,product_2,60000
24,W00025,2023/11/2 10:00,2023/11/2 10:30,product_0,10000
25,W00026,2023/11/2 10:30,2023/11/2 11:00,product_1,20000
26,W00027,2023/11/2 11:00,2023/11/2 11:30,product_2,30000
27,W00028,2023/11/2 11:30,2023/11/2 12:00,product_0,40000
28,W00029,2023/11/2 12:00,2023/11/2 12:30,product_1,50000
29,W00030,2023/11/2 12:30,2023/11/2 13:00,product_2,60000
30,W00031,2023/11/2 13:00,2023/11/2 13:30,product_0,10000
31,W00032,2023/11/2 13:30,2023/11/2 14:00,product_1,20000
32,W00033,2023/11/2 14:00,2023/11/2 14:30,product_2,30000
33,W00034,2023/11/2 14:30,2023/11/2 15:00,product_0,40000
34,W00035,2023/11/2 15:00,2023/11/2 15:30,product_1,50000
35,W00036,2023/11/2 15:30,2023/11/2 16:00,product_2,60000
36,W00037,2023/11/2 16:00,2023/11/2 16:30,product_0,10000
37,W00038,2023/11/2 16:30,2023/11/2 17:00,product_1,20000
38,W00039,2023/11/2 17:00,2023/11/2 17:30,product_2,30000
39,W00040,2023/11/2 17:30,2023/11/2 18:00,product_0,40000
40,W00041,2023/11/3 8:00,2023/11/3 8:30,product_1,50000
41,W00042,2023/11/3 8:30,2023/11/3 9:00,product_2,60000
42,W00043,2023/11/3 9:00,2023/11/3 9:30,product_0,10000
43,W00044,2023/11/3 9:30,2023/11/3 10:00,product_1,20000
44,W00045,2023/11/3 10:00,2023/11/3 10:30,product_2,30000
45,W00046,2023/11/3 10:30,2023/11/3 11:00,product_0,40000
46,W00047,2023/11/3 11:00,2023/11/3 11:30,product_1,50000
47,W00048,2023/11/3 11:30,2023/11/3 12:00,product_2,60000
48,W00049,2023/11/3 12:00,2023/11/3 12:30,product_0,10000
49,W00050,2023/11/3 12:30,2023/11/3 13:00,product_1,20000
50,W00051,2023/11/3 13:00,2023/11/3 13:30,product_2,30000
51,W00052,2023/11/3 13:30,2023/11/3 14:00,product_0,40000
52,W00053,2023/11/3 14:00,2023/11/3 14:30,product_1,50000
53,W00054,2023/11/3 14:30,2023/11/3 15:00,product_2,60000
54,W00055,2023/11/3 15:00,2023/11/3 15:30,product_0,10000
55,W00056,2023/11/3 15:30,2023/11/3 16:00,product_1,20000
56,W00057,2023/11/3 16:00,2023/11/3 16:30,product_2,30000
57,W00058,2023/11/3 16:30,2023/11/3 17:00,product_0,40000
58,W00059,2023/11/3 17:00,2023/11/3 17:30,product_1,50000
59,W00060,2023/11/3 17:30,2023/11/3 18:00,product_2,60000
